,periodo,norm_diff,norm_diff_prom,El Niño,La Niña
0,1919-01,3.1185241671460333,,0,0
1,1919-02,-0.015714535951319712,,0,0
2,1919-03,1.200031722436831,,0,0
3,1919-04,1.3803175185093202,,0,0
4,1919-05,0.7725692553111735,,0,0
5,1919-06,-0.39813640415748597,1.009598620549092,0,1
6,1919-07,1.423009300973082,0.7270128095202667,0,1
7,1919-08,1.2246979299584342,0.9337482205052258,0,1
8,1919-09,-0.6946707635640554,0.6179644728384114,0,1
9,1919-10,0.43664289744087886,0.4606853693270045,0,1
10,1919-11,-0.24523270385586288,0.29105170946583175,0,0
11,1919-12,0.7147145456337626,0.4765268677643732,0,1
12,1927-01,-1.4565057280777545,-0.0033923037440995265,0,0
13,1927-02,-1.679958281152411,-0.48750167226257374,-1,0
14,1927-03,-1.742215319300277,-0.662092431551944,-1,0
15,1927-04,-1.756905373776381,-1.0276838100881538,-1,0
16,1927-05,-1.783488893186863,-1.2840598416433207,-1,0
17,1927-06,-1.7682872530352625,-1.6978934747548247,-1,0
18,1927-07,-1.9450242412660426,-1.7793132269528726,-1,0
19,1927-08,-1.896130099684906,-1.8153418633749554,-1,0
20,1927-09,-1.7640529602217536,-1.8189814701952016,-1,0
21,1927-10,-0.023977302282012322,-1.53016012494614,-1,0
22,1927-11,0.755599590803211,-1.1069787109477944,-1,0
23,1927-12,0.35935801216279184,-0.7523711667481185,-1,0
24,1931-01,-1.5592432365480353,-0.6880743326284507,-1,0
25,1931-02,-1.7178783184276574,-0.6583657024189092,-1,0
26,1931-03,-2.0028268937779794,-0.6981613580116136,-1,0
27,1931-04,-2.3549726481407762,-1.0866605823214075,-1,0
28,1931-05,-1.1046625024812189,-1.3967042645354792,-1,0
29,1931-06,-0.5761153771913998,-1.552616496094511,-1,0
30,1931-07,0.38146372774392384,-1.2291653353791847,-1,0
31,1931-08,0.3131589713314815,-0.8906591204193283,-1,0
32,1931-09,0.4214517422427275,-0.4866126810825437,-1,0
33,1931-10,-0.26556458260456584,-0.13837800349317528,0,0
34,1931-11,1.1289372626867125,0.23388862403481328,0,0
35,1931-12,0.06917249168225548,0.3414366021804225,0,0
36,1932-01,0.795695560582326,0.41047524098682286,0,1
37,1932-02,0.00920718966221723,0.3598166107086122,0,1
38,1932-03,-0.5687190907486732,0.1947881385433787,0,0
39,1932-04,-0.2078155226198175,0.2044129818741701,0,0
40,1932-05,0.3473241042244111,0.0741441221304532,0,0
41,1932-06,-0.2868451144368665,0.014807854443932863,0,0
42,1932-07,-1.01298756489238,-0.2866393331351848,0,0
43,1932-08,-0.7065758252577663,-0.40593650228851547,-1,0
44,1932-09,-0.9718059119092413,-0.4731176391486101,-1,0
45,1932-10,-1.0232405464443801,-0.6090218097860371,-1,0
46,1932-11,-1.0890620558389466,-0.8484195031299301,-1,0
47,1932-12,-0.5962722297381784,-0.8999906890134821,-1,0
48,1933-01,-0.8098177377830295,-0.8661290511619238,-1,0
49,1933-02,-1.6399551494210596,-1.021692271855806,-1,0
50,1933-03,0.03904524448754493,-0.8532170791230081,-1,0
51,1933-04,0.11538775703320928,-0.6634456952100766,-1,0
52,1933-05,0.5668485532367344,-0.3874605936974631,-1,0
53,1933-06,1.2464049112267,-0.08034773686998338,0,0
54,1933-07,-0.07842514676597451,0.041551028299525776,0,0
55,1933-08,1.1363139542697702,0.5042625455813307,0,1
56,1933-09,0.29418531271818227,0.546785890286437,0,1
57,1933-10,0.7612105913307795,0.6544230293360319,0,1
58,1933-11,1.4190278139835943,0.7964529061271753,0,1
59,1933-12,1.0974431619997018,0.7716259479226757,0,1
60,1934-01,0.8066907104394223,0.9191452574569084,0,1
61,1934-02,0.5920595117552354,0.8284361837044859,0,1
62,1934-03,0.24722514631750833,0.8206094893043736,0,1
63,1934-04,-0.27274534457087085,0.648283499987432,0,1
64,1934-05,0.5716791055327258,0.5070587152456204,0,1
65,1934-06,0.46325200963494784,0.40136018985149485,0,1
66,1934-07,0.7532850110878365,0.3924592399595639,0,1
67,1934-08,0.014657627019470446,0.29622559250360303,0,0
68,1934-09,0.24607806252203435,0.29603441187102403,0,0
69,1934-10,0.2660431213447298,0.3858324895236242,0,1
70,1934-11,0.48292162109940023,0.37103957545140315,0,1
71,1934-12,-0.7029377665384973,0.17667461275582905,0,0
72,1935-01,-0.42672679090960486,-0.01999402091041121,0,0
73,1935-02,-0.6280208241536022,-0.1271070961059233,0,0
74,1935-03,-0.6168979867433773,-0.2709364376501586,0,0
75,1935-04,0.35939069339368235,-0.25537850897533315,0,0
76,1935-05,1.0936117104942202,-0.15359682740952985,0,0
77,1935-06,0.24333665344777566,0.0041155759215156795,0,0
78,1935-07,0.7187190919770444,0.19502322306929054,0,0
79,1935-08,1.0456868277490643,0.4739744983864016,0,1
80,1935-09,0.8802445035575066,0.7234982467698824,0,1
81,1935-10,0.35773133266962065,0.7232216866492053,0,1
82,1935-11,1.5919690101713742,0.8062812365953976,0,1
83,1935-12,0.24018445289991786,0.8057558698374212,0,1
84,1936-01,-0.6960840757896161,0.5699553418763113,0,1
85,1936-02,-0.3663094286812295,0.3346226324712623,0,0
86,1936-03,-0.7173320746728228,0.06835986943287403,0,0
87,1936-04,-1.055274980568735,-0.16714118277351855,0,0
88,1936-05,-0.5573567902315278,-0.5253621495073356,-1,0
89,1936-06,-0.05503648687742618,-0.5745656394702262,-1,0
90,1936-07,0.09558923783111944,-0.44262008720010365,-1,0
91,1936-08,-0.8288162385398758,-0.519704555509878,-1,0
92,1936-09,-0.7706956474042463,-0.5285984842984486,-1,0
93,1936-10,-0.5374669564514234,-0.4422971469455634,-1,0
94,1936-11,-0.9092773030492747,-0.5009505657485213,-1,0
95,1936-12,-0.5866281472442118,-0.5895491758096522,-1,0
96,1937-01,-0.6591065992384476,-0.7153318153212466,-1,0
97,1937-02,0.4342235910314238,-0.5048251770593634,-1,0
98,1937-03,-0.4757571900342114,-0.45566876749769075,-1,0
99,1937-04,-0.8104922371299909,-0.5011729809441188,-1,0
100,1937-05,0.1810537095407625,-0.31945114551244586,0,0
101,1937-06,0.33627073893552395,-0.16563466448248992,0,0
102,1937-07,0.027331445327025822,-0.051228323721577707,0,0
103,1937-08,0.24972536658624167,-0.08197802779577473,0,0
104,1937-09,-0.20722641895431834,-0.037222899282459206,0,0
105,1937-10,0.2741810839473135,0.1435559875637582,0,0
106,1937-11,-0.22658937671119042,0.07561547318843269,0,0
107,1937-12,0.22518808334556853,0.05710169725677345,0,0
108,1938-01,0.042663097767779184,0.05965697266356568,0,0
109,1938-02,-0.19897277099909405,-0.01512605026732361,0,0
110,1938-03,0.6867669775458145,0.1338728491493652,0,0
111,1938-04,0.4641785010648818,0.16553908533562658,0,0
112,1938-05,-0.38967818760590234,0.1383576168531746,0,0
113,1938-06,-0.9886318099596123,-0.06394569869768889,0,0
114,1938-07,-0.9033575543386084,-0.22161580738208678,0,0
115,1938-08,-0.16779266232592221,-0.21641912260322482,0,0
116,1938-09,-0.9800351232783318,-0.4942194727405826,-1,0
117,1938-10,-0.5427690684885793,-0.6620440676661593,-1,0
118,1938-11,-0.9145639426693721,-0.7495250268434043,-1,0
119,1938-12,0.07776793156479389,-0.5717917365893367,-1,0
120,1939-01,-0.18687707553810445,-0.45237832345591933,-1,0
121,1939-02,-0.6837418529274326,-0.5383698552228378,-1,0
122,1939-03,-0.31526849867964746,-0.42757541778972374,-1,0
123,1939-04,-0.6419514163861002,-0.44410580910597713,-1,0
124,1939-05,-0.7328710990736031,-0.4138236685066823,-1,0
125,1939-06,-0.9422650943197766,-0.5838291728207774,-1,0
126,1939-07,-1.2984066238559073,-0.7690840975404112,-1,0
127,1939-08,-1.1669273348751876,-0.8496150111983704,-1,0
128,1939-09,-0.9684300921401461,-0.9584752767751201,-1,0
129,1939-10,-0.661913581049371,-0.9618023042189986,-1,0
130,1939-11,0.04364694039833772,-0.8323826309736752,-1,0
131,1939-12,-0.18552234198048392,-0.7062588389171264,-1,0
132,1940-01,0.12213208138756211,-0.4695023880432148,-1,0
133,1940-02,-0.1185141440705187,-0.29476685624243665,0,0
134,1940-03,-0.872653684240818,-0.27880412159254864,0,0
135,1940-04,-0.38935815939158985,-0.23337821798291844,0,0
136,1940-05,-0.03812479886945214,-0.24700684119421676,0,0
137,1940-06,0.08935848855291142,-0.20119336943865085,0,0
138,1940-07,-0.543403148730191,-0.31211590779160975,0,0
139,1940-08,-0.10958571939873103,-0.3106278370129784,0,0
140,1940-09,-0.3289023176310951,-0.22000260924469128,0,0
141,1940-10,0.5816564626944983,-0.058166838897009944,0,0
142,1940-11,0.5776660443414925,0.04446496830481417,0,0
143,1940-12,0.7265640195543799,0.15066589013839224,0,0
144,1941-01,-0.5536543009322749,0.14895736477137828,0,0
145,1941-02,-0.456903918894589,0.09107099818873528,0,0
146,1941-03,-0.4296145320162892,0.07428562912453628,0,0
147,1941-04,-0.18269529697307654,-0.053106330820059555,0,0
148,1941-05,-0.3350067801312027,-0.2052184682321754,0,0
149,1941-06,-0.517361517046549,-0.4125393909989969,-1,0
150,1941-07,-0.41313179490202295,-0.38911897332728823,-1,0
151,1941-08,-0.29785964147265775,-0.36261159375696633,-1,0
152,1941-09,-0.26004414033071804,-0.33434986180937115,0,0
153,1941-10,0.1225081998572629,-0.283482612337648,0,0
154,1941-11,0.038170213561458964,-0.22128644672220432,0,0
155,1941-12,-0.41542733715263824,-0.20429741673988588,0,0
156,1942-01,-0.7186544999464637,-0.255217867580626,0,0
157,1942-02,0.5818772394365557,-0.1085950540957571,0,0
158,1942-03,-0.06690851895354398,-0.0764057838662281,0,0
159,1942-04,0.2337198728989732,-0.05787050502594304,0,0
160,1942-05,0.18110756608954628,-0.03404761293792848,0,0
161,1942-06,-0.3225572114375735,-0.01856925865208436,0,0
162,1942-07,-0.7899054902264098,-0.030444423698742045,0,0
163,1942-08,-0.4631616096167469,-0.20461756520762578,0,0
164,1942-09,-0.6462987192733344,-0.30118259859425756,0,0
165,1942-10,0.6167077899867814,-0.23735127907962286,0,0
166,1942-11,0.8735135805057013,-0.12195027667693033,0,0
167,1942-12,0.0649075829448117,-0.057372810946532814,0,0
168,1943-01,1.387538655694351,0.3055345467069273,0,0
169,1943-02,0.01827499635292883,0.3857739810352066,0,1
170,1943-03,0.481030957862869,0.5736622605579073,0,1
171,1943-04,0.5976867448547712,0.5704920863692388,0,1
172,1943-05,-0.22040388342934786,0.38817250904673056,0,1
173,1943-06,-0.5879985038840833,0.2793548279085815,0,0
174,1943-07,-0.012868811802712234,0.045953583325737596,0,0
175,1943-08,0.839413676761799,0.1828100300605493,0,0
176,1943-09,-0.5623596731948809,0.008911591550924322,0,0
177,1943-10,0.5955977012078731,0.008563417609774637,0,0
178,1943-11,-0.15499284876315778,0.019465256720806318,0,0
179,1943-12,0.35427631285515554,0.17651105951067947,0,0
180,1944-01,0.08007381927912159,0.1920014980243184,0,0
181,1944-02,-0.5664900091192807,-0.042315782955861546,0,0
182,1944-03,0.02304614338163748,0.05525185314022485,0,0
183,1944-04,-0.23312186809599275,-0.08286807507708613,0,0
184,1944-05,1.152183533025817,0.13499465522107634,0,0
185,1944-06,-0.3519434398950699,0.017291363096038775,0,0
186,1944-07,-1.03429637843796,-0.16843700319014146,0,0
187,1944-08,-0.3473940261072069,-0.1319210060214625,0,0
188,1944-09,-0.7661072481127026,-0.2634465712705192,0,0
189,1944-10,-0.01986443753659493,-0.2279036661772862,0,0
190,1944-11,-0.3632213580017936,-0.48047114801522134,-1,0
191,1944-12,-0.30672786913431604,-0.4729352195550957,-1,0
192,1945-01,-0.41308190316794663,-0.36939947367676007,-1,0
193,1945-02,-0.6595934879282278,-0.42143271731359694,-1,0
194,1945-03,-1.4594487620091494,-0.5369896362963381,-1,0
195,1945-04,0.6891625797316495,-0.41881846675163065,-1,0
196,1945-05,1.0139994784203508,-0.18928166068127328,0,0
197,1945-06,-0.2822316196153621,-0.18519895242811424,0,0
198,1945-07,-0.19561753571695586,-0.14895489118628247,0,0
199,1945-08,-0.41685442360693653,-0.10849838046606725,0,0
200,1945-09,-0.7027670358742475,0.017615240556416407,0,0
201,1945-10,0.48058602676337386,-0.017147518271629535,0,0
202,1945-11,0.1462033652575569,-0.16178020379876182,0,0
203,1945-12,0.20298940342518718,-0.08091003329200364,0,0
204,1946-01,0.27703934696729526,-0.002133886177961767,0,0
205,1946-02,-0.3362919753555788,0.011293188530597844,0,0
206,1946-03,-0.3146352604936202,0.07598181776070238,0,0
207,1946-04,0.06683285500455065,0.0070229558008985185,0,0
208,1946-05,-0.5384888982335048,-0.10709242144761176,0,0
209,1946-06,-0.7778843451441438,-0.27057137954250027,0,0
210,1946-07,-0.4195183482995329,-0.38666432875363826,-1,0
211,1946-08,-0.26659665530541093,-0.3750484420786104,-1,0
212,1946-09,-1.3448888654296507,-0.5467573762346154,-1,0
213,1946-10,-0.8766973178257311,-0.7040124050396623,-1,0
214,1946-11,-0.40178020360473427,-0.681227622601534,-1,0
215,1946-12,0.06911386906732246,-0.5400612535662895,-1,0
216,1947-01,-0.5064776625296797,-0.5545544726046473,-1,0
217,1947-02,-0.8067035379600804,-0.6445722863804256,-1,0
218,1947-03,-1.1433334092233882,-0.6109797103460486,-1,0
219,1947-04,-1.3029067781616548,-0.6820146204020358,-1,0
220,1947-05,-0.9134564957335045,-0.7672940024234975,-1,0
221,1947-06,0.4496127109967678,-0.70387752876859,-1,0
222,1947-07,0.759515273100059,-0.4928787061636335,-1,0
223,1947-08,0.22442248813158802,-0.32102436848168875,0,0
224,1947-09,0.7222517390715641,-0.010093510432530059,0,0
225,1947-10,0.8821306471232218,0.354079393781616,0,1
226,1947-11,-0.7986752046076978,0.3732096089692505,0,1
227,1947-12,-1.14949270459709,0.10669203970360752,0,0
228,1948-01,-0.4470157937513934,-0.09439647143830121,0,0
229,1948-02,0.12253089203235804,-0.1113784041215062,0,0
230,1948-03,-0.4453026474758696,-0.30597080187941184,0,0
231,1948-04,0.6723785440496676,-0.3409294857250042,0,0
232,1948-05,0.1414880380821399,-0.1842356119433646,0,0
233,1948-06,-0.4944168736173974,-0.0750563067800825,0,0
234,1948-07,-0.3624161401056622,-0.060956364505793975,0,0
235,1948-08,-1.0081111569389125,-0.24939670600100575,0,0
236,1948-09,-0.5134814362550704,-0.2607598374642059,0,0
237,1948-10,-0.9667896964072062,-0.5339545442070182,-1,0
238,1948-11,-0.4927723088699574,-0.6396646020323677,-1,0
239,1948-12,-0.424474633673378,-0.6280075620416978,-1,0
240,1949-01,0.4514763706363651,-0.49235881025136,-1,0
241,1949-02,-0.06995404107871628,-0.33599929094132724,0,0
242,1949-03,-0.011724269366711029,-0.252373096459934,0,0
243,1949-04,-0.2849028294955256,-0.13872528530798722,0,0
244,1949-05,-0.01938392044656328,-0.05982722057075488,0,0
245,1949-06,0.13896520869059464,0.03407941982324056,0,0
246,1949-07,0.44269916824266325,0.03261655275762359,0,0
247,1949-08,-0.2589123152999837,0.0011235070540790149,0,0
248,1949-09,-0.03305787881707413,-0.002432094520981502,0,0
249,1949-10,-0.49827641405304224,-0.03799435861390094,0,0
250,1949-11,-0.45245111282713985,-0.11017222401066369,0,0
251,1949-12,-0.5174404110969892,-0.21957316064192767,0,0
252,1950-01,-0.04108488874044895,-0.3002038368057797,0,0
253,1950-02,-0.29316966680949685,-0.30591339539069856,0,0
254,1950-03,-0.6517977403546961,-0.40903670564696887,-1,0
255,1950-04,-0.8634162774929802,-0.4698933495536252,-1,0
256,1950-05,-0.3536327156703053,-0.45342361669415276,-1,0
257,1950-06,-0.08802054831289936,-0.3818536395634711,-1,0
258,1950-07,0.09446354220490273,-0.3592622344059126,-1,0
259,1950-08,0.11399866456088836,-0.29140084584418163,0,0
260,1950-09,-0.051884373793507556,-0.19141528475065026,0,0
261,1950-10,-0.2773238331139082,-0.09373321068747159,0,0
262,1950-11,-0.5888024061493752,-0.1329281591006499,0,0
263,1950-12,-0.5010972323820484,-0.20177427311217475,0,0
264,1951-01,-0.1522609218494024,-0.2428950171212256,0,0
265,1951-02,-0.006208747705406387,-0.2629295858322747,0,0
266,1951-03,0.01581560937875655,-0.25164625530356405,0,0
267,1951-04,-0.29180228919745876,-0.25405933131748915,0,0
268,1951-05,-0.25511101790255614,-0.1984440999430193,0,0
269,1951-06,-0.4275569999066362,-0.1861873945304506,0,0
270,1951-07,0.20084855574587124,-0.12733581493123833,0,0
271,1951-08,0.10864009452353411,-0.10819434122641491,0,0
272,1951-09,-0.6445278260184969,-0.2182515804592905,0,0
273,1951-10,-0.46950449332670324,-0.24786861448083122,0,0
274,1951-11,-0.43898976454795696,-0.2785150722550647,0,0
275,1951-12,-0.5546342588218516,-0.2996946154076006,0,0
276,1952-01,-0.023575912849749563,-0.3370986935068707,0,0
277,1952-02,-0.26252935740617017,-0.3989602688284881,-1,0
278,1952-03,-0.34698550314009263,-0.3493698816820874,0,0
279,1952-04,-0.028757664125479754,-0.27591207681521684,0,0
280,1952-05,-0.03838175846077887,-0.20914407580068714,0,0
281,1952-06,-0.11990132196235899,-0.13668858632410505,0,0
282,1952-07,0.495581882959839,-0.050162287022506934,0,0
283,1952-08,0.049957918501461716,0.00191892562876505,0,0
284,1952-09,0.15131630126458837,0.08496922636287856,0,0
285,1952-10,-0.45470759152826107,0.013977571795748323,0,0
286,1952-11,0.7636498558182413,0.14764950750891834,0,0
287,1952-12,0.5262791799914355,0.2553462578345507,0,0
288,1953-01,0.30913215625426904,0.22427130338362242,0,0
289,1953-02,-0.20188435755152065,0.18229759070812537,0,0
290,1953-03,0.0868811216059987,0.1715583940983604,0,0
291,1953-04,-0.21449582961046046,0.21159368775132717,0,0
292,1953-05,0.196301593130651,0.11703564397006215,0,0
293,1953-06,-0.03581034426138139,0.02335405659459267,0,0
294,1953-07,-0.44756567281253884,-0.1027622482498753,0,0
295,1953-08,-0.6454650988445311,-0.17669237179871042,0,0
296,1953-09,1.1199112762092234,-0.004520679364839612,0,0
297,1953-10,0.36400977465906764,0.09189692134674843,0,0
298,1953-11,0.3279160207348251,0.11383265928077745,0,0
299,1953-12,-0.16227798117317802,0.092754719795478,0,0
300,1954-01,0.44097307744591113,0.24084451150521966,0,0
301,1954-02,-0.19823397081812974,0.3153830328429532,0,0
302,1954-03,-0.28835238140725167,0.0806724232402074,0,0
303,1954-04,0.3015537040720773,0.07026307814237569,0,0
304,1954-05,0.011206619673579653,0.017478177965501437,0,0
305,1954-06,0.5186325005752761,0.13096325825691046,0,0
306,1954-07,0.628132138177215,0.16215643504546112,0,0
307,1954-08,0.4732884131299896,0.2740768323701477,0,0
308,1954-09,-0.7014132321582829,0.20523335724497582,0,0
309,1954-10,1.2812140962520688,0.3685100892749744,0,1
310,1954-11,0.24584562535908058,0.4076165902225579,0,1
311,1954-12,0.6011873025692048,0.4213757238882127,0,1
312,1955-01,0.027396732677809822,0.32125315630497847,0,0
313,1955-02,-0.314441229973909,0.18996488245432872,0,0
314,1955-03,-0.2934052176638357,0.25796621820340326,0,0
315,1955-04,0.06022205091119053,0.05446754397992356,0,0
316,1955-05,-0.7822213241886055,-0.11687694761135746,0,0
317,1955-06,-0.45822862173649453,-0.293446268328974,0,0
318,1955-07,0.41549979076875715,-0.2287624253138161,0,0
319,1955-08,-1.0568984029663857,-0.3525052874792289,-1,0
320,1955-09,0.448973350880552,-0.2287755260551643,0,0
321,1955-10,0.43270672860687226,-0.16669474643921733,0,0
322,1955-11,0.29213672848692174,0.012364929006703856,0,0
323,1955-12,0.4732814535513073,0.1676166082213375,0,0
324,1956-01,0.3231525742691049,0.15222540547139543,0,0
325,1956-02,0.8173537531589549,0.4646007648256189,0,1
326,1956-03,0.3540560875018597,0.44878122092917017,0,1
327,1956-04,-0.7128075109281019,0.2578621810066744,0,0
328,1956-05,-0.20190539921293466,0.1755218263900317,0,0
329,1956-06,0.7306187829045204,0.21841138128223392,0,0
330,1956-07,-0.34181013552219114,0.10758426298368458,0,0
331,1956-08,-0.025176282068612034,-0.03283740955424324,0,0
332,1956-09,0.772539902450721,0.036909892937233645,0,0
333,1956-10,1.1473184190982417,0.3469308812749576,0,0
334,1956-11,-0.08298554774060393,0.36675085652034606,0,1
335,1956-12,1.002491584638821,0.41206299014272946,0,1
336,1957-01,-0.5918493956180043,0.37038978012676055,0,1
337,1957-02,-0.5510053391951014,0.28275160393901233,0,0
338,1957-03,0.12029552477230133,0.17404420765927575,0,0
339,1957-04,-0.29228690524169465,-0.065890013064047,0,0
340,1957-05,0.7844139510296074,0.07867657006432156,0,0
341,1957-06,-0.39023596956892787,-0.15344468897030325,0,0
342,1957-07,-0.09520365235497623,-0.07067039842646522,0,0
343,1957-08,-0.16707981850875614,-0.006682811645407673,0,0
344,1957-09,-0.0776589149285351,-0.03967521826221374,0,0
345,1957-10,0.39827074126248324,0.0754177228218159,0,0
346,1957-11,-0.6761883043913561,-0.16801598641501136,0,0
347,1957-12,-0.3960630051212679,-0.16898715900706804,0,0
348,1958-01,-0.25864045912016254,-0.19622662680126576,0,0
349,1958-02,-0.1493182390957385,-0.19326636356576285,0,0
350,1958-03,0.10398008548479214,-0.16299319683020827,0,0
351,1958-04,-0.3908531799077808,-0.2945138503585856,0,0
352,1958-05,-0.598302198274014,-0.2815328326723619,0,0
353,1958-06,-0.1813657651029752,-0.2457499593359798,0,0
354,1958-07,-0.4562375440836998,-0.2786828068299027,0,0
355,1958-08,0.7518280559359769,-0.12849175765795015,0,0
356,1958-09,-0.7275902401159317,-0.26708681192473743,0,0
357,1958-10,-0.25525782766997246,-0.24448758655176936,0,0
358,1958-11,0.3495144311354442,-0.08651814831685967,0,0
359,1958-12,0.08461830098388586,-0.04218747063571615,0,0
360,1959-01,-0.6701986790563215,-0.07784765979781975,0,0
361,1959-02,-0.5514057159312861,-0.29505328844236356,0,0
362,1959-03,-0.5634986798787421,-0.2677046950694986,0,0
363,1959-04,-0.8613804042461495,-0.36872512449886147,-1,0
364,1959-05,-0.1277218693016563,-0.4482645079050449,-1,0
365,1959-06,-0.07379658119966673,-0.4746669882689703,-1,0
366,1959-07,0.1296862304842543,-0.34135283667887434,0,0
367,1959-08,0.0077416193786028825,-0.24816161412722623,0,0
368,1959-09,-0.11972050287613019,-0.17419858462679091,0,0
369,1959-10,-0.1425188792567114,-0.05438833046188455,0,0
370,1959-11,-0.2941573331825926,-0.0821275744420406,0,0
371,1959-12,-0.34397293830976844,-0.1271569672937242,0,0
372,1960-01,-0.44229190073972174,-0.22248665583105356,0,0
373,1960-02,-0.7147809600367048,-0.3429070857336048,0,0
374,1960-03,-0.28151550006292564,-0.36987291859807075,-1,0
375,1960-04,-0.12857401861887938,-0.3675487751584321,-1,0
376,1960-05,-0.6013143392936624,-0.418741609510277,-1,0
377,1960-06,-0.44866300585440017,-0.436189954101049,-1,0
378,1960-07,0.3705821459435978,-0.3007109463204957,0,0
379,1960-08,0.3341447072183571,-0.12589000177798543,0,0
380,1960-09,-0.18963086723585398,-0.11057589630680682,0,0
381,1960-10,0.2790629806832265,-0.0426363964231225,0,0
382,1960-11,-1.1093122682974321,-0.12730271792375078,0,0
383,1960-12,1.125890954721665,0.13512294217226006,0,0
384,1961-01,0.3088094749893467,0.12482749701321821,0,0
385,1961-02,-1.098856705626008,-0.11400607179417595,0,0
386,1961-03,0.045724916517201224,-0.07478010783533341,0,0
387,1961-04,-0.21462987672871428,-0.15706225073732352,0,0
388,1961-05,-1.4237853419555415,-0.20947442968034177,0,0
389,1961-06,0.20558753615179978,-0.36285833277531926,-1,0
390,1961-07,-0.173154667037771,-0.4431856897798389,-1,0
391,1961-08,-0.42490593394360665,-0.33086056116610535,0,0
392,1961-09,-0.5152254631579163,-0.4243522911119582,-1,0
393,1961-10,0.649012953372315,-0.28041181942845345,0,0
394,1961-11,0.5180475095541497,0.043226989156495164,0,0
395,1961-12,-0.6641097857481758,-0.10172256449350077,0,0
396,1962-01,0.5480034664076682,0.018470457747405754,0,0
397,1962-02,-0.12557577274500456,0.06835881794717279,0,0
398,1962-03,0.40293331391129483,0.2213852807920413,0,0
399,1962-04,-0.35306202764842565,0.05437278395525119,0,0
400,1962-05,0.34621371642638893,0.025733818433957733,0,0
401,1962-06,0.8215500644134177,0.27334379346089,0,0
402,1962-07,0.03299938185299877,0.18750977936844507,0,0
403,1962-08,0.5523026022421675,0.3004895085329738,0,0
404,1962-09,-0.17175540530444597,0.2047080553303503,0,0
405,1962-10,0.11398234732720033,0.2825487844929546,0,0
406,1962-11,0.759345791419163,0.35140413032508366,0,1
407,1962-12,-0.10609207629456999,0.19679710687375238,0,0
408,1963-01,-0.22638336816118113,0.1535666485380557,0,0
409,1963-02,0.5018469274467314,0.14515736940548304,0,0
410,1963-03,-0.11764306618461641,0.15417609259212128,0,0
411,1963-04,0.03623848746985289,0.14121878261589674,0,0
412,1963-05,1.0357728749727992,0.1872899632081694,0,0
413,1963-06,0.05325672513325542,0.21384809677947367,0,0
414,1963-07,0.09105387495339419,0.2667543039652362,0,0
415,1963-08,0.04240382372010168,0.19018045334413125,0,0
416,1963-09,-0.5941748065020482,0.11075849662455928,0,0
417,1963-10,-0.15573689876895888,0.07876259891809063,0,0
418,1963-11,0.5068649114298175,-0.009388728339072986,0,0
419,1963-12,-0.6218667374558593,-0.12190930543725877,0,0
420,1964-01,-0.5975058120658587,-0.23666925327380092,0,0
421,1964-02,-0.3084728274319516,-0.2951486951324765,0,0
422,1964-03,-1.3399663951234977,-0.41944729323605134,-1,0
423,1964-04,0.35140157299242497,-0.33492421460915406,0,0
424,1964-05,0.39673174628787583,-0.35327974213281105,-1,0
425,1964-06,0.9865730542874684,-0.08520644350892308,0,0
426,1964-07,0.3119292874813923,0.06636607308228545,0,0
427,1964-08,-0.07550901633423358,0.10519337493190513,0,0
428,1964-09,-0.29446785343329696,0.2794431318802719,0,0
429,1964-10,-0.17254748396477973,0.19211828905407113,0,0
430,1964-11,-0.1843869961831576,0.0952651653088989,0,0
431,1964-12,0.12745517275272722,-0.04792114828022464,0,0
432,1965-01,-0.25155838697010185,-0.141835760688807,0,0
433,1965-02,-0.6964882981278762,-0.24533230765441408,0,0
434,1965-03,-1.0798200610360367,-0.3762243422548707,-1,0
435,1965-04,0.9695546838074877,-0.18587398095949284,0,0
436,1965-05,0.30602308541077095,-0.10413896736050472,0,0
437,1965-06,-0.8939088776340274,-0.27436630909163046,0,0
438,1965-07,-0.11665346261205595,-0.25188215503195616,0,0
439,1965-08,0.18276210437781684,-0.10534042128100733,0,0
440,1965-09,-0.7359999885892086,-0.04803707587320264,0,0
441,1965-10,0.4527636106823841,-0.13416892139405323,0,0
442,1965-11,0.956600614545948,-0.02573933320485707,0,0
443,1965-12,-0.1350667763286226,0.10073435034604372,0,0
444,1966-01,-1.0794091984473262,-0.05972493895983466,0,0
445,1966-02,-0.8817706736386332,-0.23714706862924298,0,0
446,1966-03,0.040163277678278646,-0.10778652425132845,0,0
447,1966-04,-0.8223614721009522,-0.32030737138188453,0,0
448,1966-05,-0.17473446646829094,-0.5088632182175911,-1,0
449,1966-06,0.3445887716240956,-0.428920626892138,-1,0
450,1966-07,-0.13619680307258708,-0.2717185609963481,0,0
451,1966-08,0.21506761648385364,-0.08891217930926698,0,0
452,1966-09,0.1410014412528813,-0.07210581871349987,0,0
453,1966-10,0.08631429994630928,0.07934014329437704,0,0
454,1966-11,0.7309029524879959,0.23027971312042483,0,0
455,1966-12,0.9364636065172459,0.3289255189359499,0,0
456,1967-01,-0.002809151081202679,0.3511567942678473,0,1
457,1967-02,-0.10750785719726344,0.29739421532099447,0,0
458,1967-03,0.2633010937384637,0.3177774907352582,0,0
459,1967-04,0.20929878937908206,0.3382749056407203,0,0
460,1967-05,0.15845780592814848,0.24286738121407905,0,0
461,1967-06,0.7636222082513453,0.21406048150309565,0,0
462,1967-07,0.1138405809873099,0.23350210351451442,0,0
463,1967-08,0.17998418112148012,0.281417443234305,0,0
464,1967-09,-0.19582598831137993,0.2048962628926644,0,0
465,1967-10,-0.34485044813309984,0.11253805664063408,0,0
466,1967-11,0.3196877541539849,0.13940971467827348,0,0
467,1967-12,0.3595290422662791,0.07206085368076244,0,0
468,1968-01,-0.2536083444323399,0.010819366110820813,0,0
469,1968-02,0.33005666519393384,0.03583144678956309,0,0
470,1968-03,-0.4830798039502516,-0.012044189150248843,0,0
471,1968-04,0.8472540638077808,0.18663989617323126,0,0
472,1968-05,-0.12173007528452794,0.11307025793347912,0,0
473,1968-06,1.0857571895849478,0.23410828248659055,0,0
474,1968-07,0.1001846543320435,0.29307378228065445,0,0
475,1968-08,-0.25646805748077406,0.1953196618348698,0,0
476,1968-09,0.6004884833260649,0.37591437638092257,0,1
477,1968-10,0.022649162502125314,0.2384802261633133,0,0
478,1968-11,0.21134129394165793,0.2939921210343443,0,0
479,1968-12,-0.7741414061150337,-0.015990978248985988,0,0
480,1969-01,0.790465861794702,0.0990558896614571,0,0
481,1969-02,-0.07099220180285694,0.1299685322744433,0,0
482,1969-03,-1.0369199552573052,-0.14293287415611838,0,0
483,1969-04,0.7752420242394478,-0.017500730533231312,0,0
484,1969-05,0.04261073257875228,-0.04562249076038225,0,0
485,1969-06,0.13921422317449342,0.10660344745453894,0,0
486,1969-07,-0.4901426033251074,-0.10683129673209597,0,0
487,1969-08,-0.308366645146707,-0.146393703956071,0,0
488,1969-09,0.15071440392991148,0.05154535590846513,0,0
489,1969-10,0.8102827850210269,0.05738548270539499,0,0
490,1969-11,-0.1600112442714019,0.023615153230369296,0,0
491,1969-12,-0.22228543857055566,-0.03663479039380555,0,0
492,1970-01,0.19688657528670137,0.07787007270816258,0,0
493,1970-02,0.14332924247107004,0.15315272064445876,0,0
494,1970-03,-0.8834292647885575,-0.019204557475286082,0,0
495,1970-04,-0.6434568531303185,-0.26149449716717704,0,0
496,1970-05,0.14415453236661285,-0.2108002010608412,0,0
497,1970-06,0.01971638401005415,-0.1704665639640729,0,0
498,1970-07,0.28107225503468397,-0.15643561733940917,0,0
499,1970-08,-0.19647531500047197,-0.2130697102513328,0,0
500,1970-09,0.5985202754269636,0.03392187978458738,0,0
501,1970-10,0.6738393593121053,0.2534712485249913,0,0
502,1970-11,0.25645848447817293,0.272188573876918,0,0
503,1970-12,-0.32889152367852087,0.2140872559288222,0,0
504,1971-01,1.3744260635646262,0.39631289068381254,0,1
505,1971-02,0.5923730946273306,0.5277876256217796,0,1
506,1971-03,0.8387907778665129,0.5678327093617045,0,1
507,1971-04,0.328296167499894,0.5102421773930027,0,1
508,1971-05,0.7838370127993218,0.5981385987798608,0,1
509,1971-06,-0.051612463080314724,0.6443517755462286,0,1
510,1971-07,0.011837475117350518,0.41725367747168246,0,1
511,1971-08,0.5071307033114512,0.4030466122523693,0,1
512,1971-09,0.5048480190387103,0.3473894857810689,0,0
513,1971-10,-0.016573686292333006,0.2899111768156977,0,0
514,1971-11,0.14973951476452188,0.1842282604765644,0,0
515,1971-12,0.5310416982180106,0.28133728735961866,0,0
516,1972-01,1.4932953163978795,0.5282469275730401,0,1
517,1972-02,-0.00021107728062299042,0.44368996414102774,0,1
518,1972-03,0.28952426476510434,0.40780267176209345,0,1
519,1972-04,1.120675313267608,0.5973441716887503,0,1
520,1972-05,0.38102277189193384,0.6358913812099856,0,1
521,1972-06,0.46157347287756706,0.624313343653245,0,1
522,1972-07,0.3722324960085167,0.4374695402550179,0,1
523,1972-08,0.23576776448464687,0.47679934721589623,0,1
524,1972-09,-0.5821129992552866,0.33152646987916434,0,0
525,1972-10,-0.6405685157752515,0.03798583170535443,0,0
526,1972-11,0.15458484761533617,0.0002461776592548176,0,0
527,1972-12,-0.3542995556543742,-0.13573266042940205,0,0
528,1973-01,-0.7318378454450305,-0.3197443840049933,0,0
529,1973-02,-0.9770429778192353,-0.521879507722307,-1,0
530,1973-03,-0.4521336932308991,-0.5002162900515758,-1,0
531,1973-04,-0.45187596205154074,-0.46876753109762387,-1,0
532,1973-05,-0.27404134924447837,-0.5402052305742597,-1,0
533,1973-06,0.48989595154975113,-0.3995059793735722,-1,0
534,1973-07,0.6070643056262793,-0.17635562086168718,0,0
535,1973-08,0.9599670109699507,0.14647937726984386,0,0
536,1973-09,1.62090105682183,0.49198516894529876,0,1
537,1973-10,0.15709980447829203,0.5934811300336041,0,1
538,1973-11,0.7206962499350126,0.7592707298968526,0,1
539,1973-12,0.985904383239215,0.8419388018450967,0,1
540,1974-01,0.43304150240734074,0.8129350013086069,0,1
541,1974-02,0.8708278703514437,0.7980784778721891,0,1
542,1974-03,0.5356237866386994,0.6171989328416673,0,1
543,1974-04,0.23234835160017822,0.6297403573619816,0,1
544,1974-05,0.005872396691063713,0.5106030484879901,0,1
545,1974-06,-0.1668427786080257,0.31847852151345,0,0
546,1974-07,-0.3014054603627808,0.19607069438509642,0,0
547,1974-08,-0.03175796501391608,0.045639721824203144,0,0
548,1974-09,0.810592828435854,0.09146789545706224,0,0
549,1974-10,0.16552326544800658,0.08033038109836699,0,0
550,1974-11,0.6521252497860419,0.18803918994753,0,0
551,1974-12,-0.4006542370247188,0.14907061354474785,0,0
552,1975-01,-0.7823987650663973,0.06890506276081176,0,0
553,1975-02,0.8831700031123078,0.22139305744851576,0,0
554,1975-03,0.28589301520895866,0.1339430885773665,0,0
555,1975-04,-0.30723010214339663,0.05515086064546599,0,0
556,1975-05,0.205623468216539,-0.01926610294945116,0,0
557,1975-06,0.2786371632291548,0.09394913042619446,0,0
558,1975-07,0.8994606578602674,0.37425903424730517,0,1
559,1975-08,0.712540922066809,0.3458208540730554,0,0
560,1975-09,0.47337033520469957,0.3770670740723456,0,1
561,1975-10,0.463572921320915,0.5055342446497308,0,1
562,1975-11,0.1038413409560112,0.48857055677297617,0,1
563,1975-12,1.5342299467430098,0.6978360206919522,0,1
564,1976-01,0.01862452388479577,0.5510299983627068,0,1
565,1976-02,0.3957221684946161,0.4982268727673413,0,1
566,1976-03,0.8714601327580396,0.5645751723595647,0,1
567,1976-04,0.48845188230250386,0.5687216658564961,0,1
568,1976-05,0.24551268016971367,0.5923335557254465,0,1
569,1976-06,0.2963084127362316,0.38601330005765017,0,1
570,1976-07,-0.31522120389947306,0.3303723454269387,0,0
571,1976-08,-0.33931456292363943,0.20786622352389608,0,0
572,1976-09,0.4075096753469017,0.13054114728870647,0,0
573,1976-10,0.7028103725286096,0.16626756232639073,0,0
574,1976-11,0.1176022041567846,0.14494914965756922,0,0
575,1976-12,0.039118030940201914,0.1020840860248976,0,0
576,1977-01,-0.5877104782588326,0.05666920696500435,0,0
577,1977-02,-0.9784195348902349,-0.04984828836276156,0,0
578,1977-03,-0.04711443154804436,-0.12561897284525259,0,0
579,1977-04,-0.04092248376531672,-0.2495744488942403,0,0
580,1977-05,-0.6979606100259961,-0.38550158459137046,-1,0
581,1977-06,-0.024105782982237676,-0.396038886911777,-1,0
582,1977-07,0.03474583565999587,-0.2922961679253056,0,0
583,1977-08,0.1980848889975723,-0.09621209727733772,0,0
584,1977-09,0.8017750903981089,0.04526948971368783,0,0
585,1977-10,0.032673456290295895,0.05753547972295659,0,0
586,1977-11,0.5242652129045275,0.2612397835447105,0,0
587,1977-12,-0.21635553585518638,0.22919815806588575,0,0
588,1978-01,-1.2048682829939352,0.022595804956897243,0,0
589,1978-02,-0.2265949020609576,-0.04818416021952441,0,0
590,1978-03,0.3225688155045594,-0.12805187270178267,0,0
591,1978-04,0.6512896765307284,-0.024949169328377246,0,0
592,1978-05,0.14460428118328267,-0.08822599128191806,0,0
593,1978-06,0.223095795829784,-0.014984102667756322,0,0
594,1978-07,-0.1093469468921817,0.16760278668253592,0,0
595,1978-08,-0.1303625859119926,0.18364150604069676,0,0
596,1978-09,0.13177244219992412,0.15184211048992421,0,0
597,1978-10,-0.029835731226026046,0.03832120919713179,0,0
598,1978-11,-0.584610166754407,-0.08321453212581649,0,0
599,1978-12,0.10928964713751649,-0.10218222357452773,0,0
600,1979-01,-0.11476725316032178,-0.1030856079525511,0,0
601,1979-02,-0.26296676662184654,-0.12518630473752676,0,0
602,1979-03,0.4496800692209876,-0.07220170023401618,0,0
603,1979-04,0.5627180079574478,0.026557256296562793,0,0
604,1979-05,0.370679315394061,0.18577216998797416,0,0
605,1979-06,0.8599132022472324,0.31087609583959347,0,0
606,1979-07,0.04062398712773886,0.3367746358876036,0,0
607,1979-08,1.0298964642694055,0.5522518410361456,0,1
608,1979-09,0.04683410961274989,0.48511084776810603,0,1
609,1979-10,1.2586295269403898,0.6010961009319297,0,1
610,1979-11,0.8508270479951424,0.6811207230321098,0,1
611,1979-12,0.2588782358430433,0.5809482286314117,0,1
612,1980-01,-0.32896333651995413,0.5193503413567963,0,1
613,1980-02,0.39746353082221436,0.41394485244893103,0,1
614,1980-03,-0.918368679309518,0.25307772096188635,0,0
615,1980-04,-0.5051549795268863,-0.040886363449326314,0,0
616,1980-05,-0.42307492952909126,-0.2532033597033652,0,0
617,1980-06,0.8240640461008942,-0.15900572466039012,0,0
618,1980-07,-0.6615697375925401,-0.21444012483915445,0,0
619,1980-08,0.012836498087695119,-0.27854463029490767,0,0
620,1980-09,-0.04293378783508024,-0.13263881504916802,0,0
621,1980-10,-0.0052612997652953485,-0.049323201755569535,0,0
622,1980-11,-0.49577036678499575,-0.06143910796488695,0,0
623,1980-12,0.08088014206850655,-0.1853030919702849,0,0
624,1981-01,-0.4772063550160992,-0.15457586154087807,0,0
625,1981-02,-0.3129311415370662,-0.20887046814500496,0,0
626,1981-03,-0.8015200544136699,-0.33530151257476987,0,0
627,1981-04,0.8688266289309309,-0.18962019112539888,0,0
628,1981-05,1.274785522432637,0.10547245707753994,0,0
629,1981-06,0.04068987255354368,0.09877407882504613,0,0
630,1981-07,-0.3333962115468625,0.12274243606991893,0,0
631,1981-08,0.38984241327818253,0.2398713618724604,0,0
632,1981-09,-0.09663269809534288,0.3573525879255149,0,1
633,1981-10,0.18762003691125984,0.24381815592223632,0,0
634,1981-11,0.2973430086153993,0.08091107028603009,0,0
635,1981-12,0.09361451096322083,0.08973184335430962,0,0
636,1982-01,0.6679522822459584,0.2566232589864464,0,0
637,1982-02,0.6591555369051911,0.30150877959094785,0,0
638,1982-03,0.3303531324870774,0.3726730846880179,0,1
639,1982-04,0.9644317629535618,0.5021417056950682,0,1
640,1982-05,0.1594009432980637,0.4791513614755123,0,1
641,1982-06,-0.7175890966450668,0.34395076020746435,0,0
642,1982-07,-0.06957218849417428,0.22103001508410894,0,0
643,1982-08,-0.272146714529626,0.06581297317830608,0,0
644,1982-09,-0.16596874017812752,-0.01690733893256141,0,0
645,1982-10,0.21915301156103026,-0.14112046416465,0,0
646,1982-11,-0.2517850820466024,-0.209651468388761,0,0
647,1982-12,0.052785724891950735,-0.08125566479925812,0,0
648,1983-01,-0.2864375268833698,-0.11739988786412403,0,0
649,1983-02,0.07254511601204158,-0.05995124944051278,0,0
650,1983-03,0.11644373674953082,-0.01288250328590305,0,0
651,1983-04,0.6734524042518321,0.06283406216256392,0,0
652,1983-05,-0.1611596346525584,0.07793830339490458,0,0
653,1983-06,-0.6255791447684996,-0.03512250821517047,0,0
654,1983-07,-0.07895866801764803,-0.0005426984042168395,0,0
655,1983-08,-0.6511957894677249,-0.1211661826508446,0,0
656,1983-09,-0.7671823013024027,-0.2684371889928335,0,0
657,1983-10,-0.4548083282139283,-0.4564806444037936,-1,0
658,1983-11,-0.9130405658473767,-0.5817941329362633,-1,0
659,1983-12,0.19200187933429289,-0.4455306289191312,-1,0
660,1984-01,0.528186908335345,-0.3443396995269657,0,0
661,1984-02,0.5399705873205556,-0.1458119700622523,0,0
662,1984-03,-0.26010079327803864,-0.06129838539152494,0,0
663,1984-04,-0.22224164882641725,-0.0225372721602731,0,0
664,1984-05,0.029550359772248933,0.13456121544299784,0,0
665,1984-06,0.6019664758342306,0.20288864819298746,0,0
666,1984-07,0.03626772251512702,0.12090211722295112,0,0
667,1984-08,0.7318135127265177,0.15287593812394482,0,0
668,1984-09,0.6398931149498839,0.30287492282859857,0,0
669,1984-10,-0.44178378405042873,0.26628456695792996,0,0
670,1984-11,-0.009383949792184165,0.25979551536385775,0,0
671,1984-12,-0.47732622127789637,0.0799133991785033,0,0
672,1985-01,-0.05548329196904934,0.06462156343114057,0,0
673,1985-02,-1.0971587236073173,-0.24020714262449858,0,0
674,1985-03,-0.288340951461518,-0.3949128203597323,-1,0
675,1985-04,-0.3722825730538458,-0.3833292851936351,-1,0
676,1985-05,0.23000877025482772,-0.34343049851913315,0,0
677,1985-06,-0.23448390193180638,-0.30295677862811815,0,0
678,1985-07,-0.1139524870564879,-0.3127016444760245,0,0
679,1985-08,0.08798975801796227,-0.11517689753847794,0,0
680,1985-09,0.8182246217534882,0.06925069799735642,0,0
681,1985-10,0.41802449298203775,0.20096854233667036,0,0
682,1985-11,-0.15291224472494205,0.1371483731733754,0,0
683,1985-12,0.009011181504040998,0.17773088707934995,0,0
684,1986-01,-0.014538125484047218,0.19429994734142342,0,0
685,1986-02,1.0485883879107905,0.35439971899022815,0,1
686,1986-03,-0.2048822555620345,0.18388190610430769,0,0
687,1986-04,-0.25528590662756384,0.07166350616937407,0,0
688,1986-05,-0.17200943060879972,0.0684806418553978,0,0
689,1986-06,0.6898974420106188,0.18196168527316078,0,0
690,1986-07,-0.08264806847765309,0.17061002810755976,0,0
691,1986-08,-0.34522011081447074,-0.061691388346650444,0,0
692,1986-09,0.2463323021829827,0.013511037944185752,0,0
693,1986-10,0.909977376219981,0.20772158508544322,0,0
694,1986-11,0.14291508028718106,0.26020900356810667,0,0
695,1986-12,-0.8031049760838693,0.01137526721902532,0,0
696,1987-01,-0.17919564870366514,-0.004715996151976686,0,0
697,1987-02,-0.495003325340814,-0.029679865239700554,0,0
698,1987-03,-0.5845958611188143,-0.16816789245666675,0,0
699,1987-04,-0.4593454642794647,-0.396388365873241,-1,0
700,1987-05,0.13767444164365605,-0.3972618056471619,-1,0
701,1987-06,-0.7910585647225177,-0.3952540704202699,-1,0
702,1987-07,0.38508220369146584,-0.3012077616877481,0,0
703,1987-08,-0.1692666014732947,-0.24691830770982817,0,0
704,1987-09,0.33544125760389515,-0.09357878792270995,0,0
705,1987-10,0.6566226225047408,0.09241589320799097,0,0
706,1987-11,-0.3025286712823776,0.01904870772031871,0,0
707,1987-12,-0.31021717077062,0.09918894004563499,0,0
708,1988-01,-0.4415416065174595,-0.0385816949891859,0,0
709,1988-02,0.0735415495434438,0.001886330180270517,0,0
710,1988-03,-1.0611670464172551,-0.23088172048992117,0,0
711,1988-04,-0.24248663450200295,-0.38073326332437846,-1,0
712,1988-05,-0.5047242221100597,-0.4144325217956588,-1,0
713,1988-06,0.6481681813659794,-0.2547016297728923,0,0
714,1988-07,0.33577681813919685,-0.1251485589967829,0,0
715,1988-08,0.6673704870911579,-0.026177069405497206,0,0
716,1988-09,0.8580361930802679,0.29369013717742326,0,0
717,1988-10,0.4304044736349779,0.4058386552002535,0,1
718,1988-11,0.5243831583477412,0.5773565519432202,0,1
719,1988-12,0.7597515569570008,0.5959537812083905,0,1
720,1989-01,-0.15490507731481484,0.5141734652993886,0,1
721,1989-02,0.037294589131028975,0.40916081563936707,0,1
722,1989-03,0.5251765030107961,0.3536842006277885,0,1
723,1989-04,-1.0517836152210263,0.10665285248512106,0,0
724,1989-05,0.19537378023964164,0.05181795613377115,0,0
725,1989-06,-0.20851555491708199,-0.10955989584524266,0,0
726,1989-07,0.13876437036480382,-0.06061498789863954,0,0
727,1989-08,-0.3993032299771923,-0.13338129108334307,0,0
728,1989-09,0.1838649117400459,-0.19026655629513475,0,0
729,1989-10,-0.41684132956911335,-0.08444284201981599,0,0
730,1989-11,-0.380952675771951,-0.18049725135508143,0,0
731,1989-12,0.08600312456420006,-0.13141080477486775,0,0
732,1990-01,0.12420821259920516,-0.1338368310691342,0,0
733,1990-02,0.637796634548556,0.039013146351823846,0,0
734,1990-03,0.10040523691944327,0.025103200548390076,0,0
735,1990-04,0.3089840658485311,0.14607409978466415,0,0
736,1990-05,0.1842674892096962,0.2402774606149387,0,0
737,1990-06,-0.39474946237112574,0.16015202945905105,0,0
738,1990-07,-0.09107505573509232,0.12427148473666816,0,0
739,1990-08,-0.13153350683999668,-0.003950205494757285,0,0
740,1990-09,-0.6973021892539674,-0.13690144319032574,0,0
741,1990-10,0.6388303720334045,-0.08192705882618016,0,0
742,1990-11,-0.08313283669045692,-0.12649377980953902,0,0
743,1990-12,0.6090380353153111,0.040804136471533796,0,0
744,1991-01,-0.36552038606957105,-0.004936751917545991,0,0
745,1991-02,-0.548530259933497,-0.07443621076646272,0,0
746,1991-03,0.9152534246968377,0.19432305822533813,0,0
747,1991-04,-0.2551721197263952,0.04532264293203816,0,0
748,1991-05,-0.07045173944178286,0.0474361591401505,0,0
749,1991-06,-0.3566831803290856,-0.11351737680058227,0,0
750,1991-07,0.3486470711866975,0.005510532742129148,0,0
751,1991-08,0.325226980659602,0.15113673950764564,0,0
752,1991-09,-0.02663800746404669,-0.0058451658525017465,0,0
753,1991-10,-0.6343480819142403,-0.06904115955047593,0,0
754,1991-11,0.49119323109330765,0.024566335538705814,0,0
755,1991-12,0.12262239818467653,0.10445059862433285,0,0
756,1992-01,-0.0466091257734961,0.0385745657976339,0,0
757,1992-02,-0.224796331937146,-0.0530959863018241,0,0
758,1992-03,-0.7821301849204082,-0.17901134921121767,0,0
759,1992-04,-0.5952054781191966,-0.17248758191204372,0,0
760,1992-05,-0.7939753171609136,-0.3866823399544139,-1,0
761,1992-06,-0.77447247083808,-0.5361981514582067,-1,0
762,1992-07,0.09499214944520838,-0.512597938921756,-1,0
763,1992-08,-0.0679477281408452,-0.48645650495570586,-1,0
764,1992-09,0.08174386443231212,-0.3424774967302524,0,0
765,1992-10,-1.225843853020005,-0.4475838925470539,-1,0
766,1992-11,0.5253879852278786,-0.2276900088155885,0,0
767,1992-12,0.296150045073833,-0.04925292283026966,0,0
768,1993-01,0.36051085490061774,-0.004999805254368106,0,0
769,1993-02,-0.04155804561118916,-0.0006015248327587638,0,0
770,1993-03,-0.20843571280063097,-0.04896478770491595,0,0
771,1993-04,-0.02352536030181323,0.15142162774811604,0,0
772,1993-05,0.6769724041606872,0.1766856975702508,0,0
773,1993-06,-0.39789187519704416,0.061012044191771274,0,0
774,1993-07,0.005309114732860334,0.0018117541638117043,0,0
775,1993-08,-0.45092102191711375,-0.0664154085538424,0,0
776,1993-09,0.10386013117988636,-0.014366101223756174,0,0
777,1993-10,-0.562376206097985,-0.10417457552311814,0,0
778,1993-11,0.5534394624375587,-0.12476339914363954,0,0
779,1993-12,-0.44291993832972815,-0.13226807633242021,0,0
780,1994-01,0.9043633507099936,0.017574296330435352,0,0
781,1994-02,0.5129893937199499,0.17822603226994596,0,0
782,1994-03,0.25087422623835237,0.20272838144635696,0,0
783,1994-04,-0.026847154334760374,0.29198322340689437,0,0
784,1994-05,0.12113055973393587,0.21993173962295723,0,0
785,1994-06,-0.11191189518215221,0.2750997468142199,0,0
786,1994-07,0.21264647839190276,0.15981360142787146,0,0
787,1994-08,0.03353022336262267,0.07990373970165024,0,0
788,1994-09,0.13345189868094065,0.060333351775414955,0,0
789,1994-10,0.434737697656524,0.13726416044062903,0,0
790,1994-11,0.25610601748849754,0.1597600700663893,0,0
791,1994-12,-0.8355007086435848,0.03916193448948387,0,0
792,1995-01,-0.7592475207563828,-0.12282039870189708,0,0
793,1995-02,-0.2378620876482184,-0.16805245053703724,0,0
794,1995-03,0.30344341081507237,-0.13972053184801533,0,0
795,1995-04,-0.18236938656372817,-0.24257171255139065,0,0
796,1995-05,-0.04101462620396667,-0.29209181983346805,0,0
797,1995-06,0.24758783050104913,-0.11157706330936239,0,0
798,1995-07,0.33937232424650365,0.0715262441911187,0,0
799,1995-08,1.1954186961442421,0.3104063748231955,0,0
800,1995-09,-0.1253785818717298,0.23893604270872845,0,0
801,1995-10,-0.11531731837655011,0.25011138740659145,0,0
802,1995-11,-0.26312848199186645,0.21309241144194147,0,0
803,1995-12,0.807737385736319,0.3064506706478198,0,0
804,1996-01,0.4265946892205717,0.32098773147683113,0,0
805,1996-02,0.2250868094700959,0.1592657503644734,0,0
806,1996-03,0.4881135632597311,0.2615144412197169,0,0
807,1996-04,-0.42067553215155307,0.21062140559054976,0,0
808,1996-05,0.05222060581756819,0.2631795868921222,0,0
809,1996-06,0.24762127348973162,0.16982690151769095,0,0
810,1996-07,0.7285919445672244,0.22015977740879975,0,0
811,1996-08,0.1727592047669515,0.21143850995827565,0,0
812,1996-09,-0.23251083836535152,0.09133444302076188,0,0
813,1996-10,0.42497238202818277,0.23227576205071787,0,0
814,1996-11,-0.24645871320498983,0.1824958755469582,0,0
815,1996-12,0.35359203295922725,0.20015766879187413,0,0
816,1997-01,1.1980240147804233,0.27839634716074063,0,0
817,1997-02,-0.5064542519010039,0.16519410438274804,0,0
818,1997-03,-0.4751154370413718,0.12476000460341131,0,0
819,1997-04,-0.30075156341698694,0.0038060136958830426,0,0
820,1997-05,-0.5847898814025457,-0.05258251433704294,0,0
821,1997-06,0.13429252684792592,-0.08913243202225983,0,0
822,1997-07,-0.24494486636820803,-0.3296272455470317,0,0
823,1997-08,-0.7544472870427924,-0.3709594180706632,-1,0
824,1997-09,-0.492738355681231,-0.3738965711773063,-1,0
825,1997-10,-0.6824379457471126,-0.43751096823232727,-1,0
826,1997-11,-0.5774790071836721,-0.43629248919584834,-1,0
827,1997-12,-1.09155266632458,-0.640600021391266,-1,0
828,1998-01,-0.7976170255472018,-0.7327120479210983,-1,0
829,1998-02,-0.36187088517198196,-0.6672826476092966,-1,0
830,1998-03,-0.010008462931163501,-0.5868276654842853,-1,0
831,1998-04,-0.43000752140035087,-0.5447559280931583,-1,0
832,1998-05,0.6833082336006783,-0.33462472129576665,0,0
833,1998-06,-0.2215531376752414,-0.1896247998542102,0,0
834,1998-07,0.4531280607135369,0.01883271452257958,0,0
835,1998-08,0.12852443572883393,0.10056526800604888,0,0
836,1998-09,0.035693856216645774,0.10818232119735044,0,0
837,1998-10,0.007240277909240868,0.18105695441561573,0,0
838,1998-11,-0.2574066052512508,0.024271147940294214,0,0
839,1998-12,0.6369783709291172,0.1673597327076873,0,0
840,1999-01,0.6803247270036422,0.20522584375603822,0,0
841,1999-02,1.2015675632356995,0.3840663650071825,0,1
842,1999-03,0.11532012805918306,0.397337410314272,0,1
843,1999-04,-0.02560381738814053,0.39186339443137513,0,1
844,1999-05,-0.6076282603119825,0.3334931185879199,0,0
845,1999-06,0.49167927749316837,0.3092766030152617,0,0
846,1999-07,-0.35015291746013133,0.13753032893796613,0,0
847,1999-08,0.40347600900078573,0.004515069898813812,0,0
848,1999-09,1.2168993599101252,0.1881116085406375,0,0
849,1999-10,0.659760101294454,0.30233892832106996,0,0
850,1999-11,0.07936427638408411,0.41683768443708097,0,1
851,1999-12,0.36168328394276444,0.39517168551201376,0,1
852,2000-01,0.4463266140661964,0.5279182740997349,0,1
853,2000-02,0.6602689258921075,0.570717093581622,0,1
854,2000-03,0.4665566527867086,0.44565997572771915,0,1
855,2000-04,-0.5772693098974242,0.23948840719573947,0,0
856,2000-05,-0.09740393993001911,0.2100270378100556,0,0
857,2000-06,0.2115209403548456,0.18499998054540245,0,0
858,2000-07,0.3065386534570311,0.1617019871105416,0,0
859,2000-08,0.1608055340093518,0.07845808846341563,0,0
860,2000-09,0.9859102797689824,0.16501702629379458,0,0
861,2000-10,-0.17485034839163605,0.23208685321142597,0,0
862,2000-11,-0.3879808397847453,0.18365736990230494,0,0
863,2000-12,-0.2634390176002497,0.10449737690978907,0,0
864,2001-01,-0.6902379124252525,-0.06163205073725819,0,0
865,2001-02,-0.12609421967159465,-0.10944867635074927,0,0
866,2001-03,0.005480608526589182,-0.27285362155781484,0,0
867,2001-04,-1.5090431853987778,-0.49521909439233847,-1,0
868,2001-05,-0.26330564806460227,-0.4744398957723146,-1,0
869,2001-06,-0.4695797377658332,-0.5087966824665785,-1,0
870,2001-07,-0.36251432328818806,-0.45417608427706774,-1,0
871,2001-08,-0.4513513282709225,-0.5083856023769558,-1,0
872,2001-09,0.42702058908383883,-0.4381289389507475,-1,0
873,2001-10,-0.5057650856013604,-0.2709159223178446,0,0
874,2001-11,-0.39461799301502093,-0.29280131314291435,0,0
875,2001-12,0.2945636263270335,-0.16544408579410322,0,0
876,2002-01,-0.6575544948730138,-0.21461744772490754,0,0
877,2002-02,-0.5727566534627581,-0.23485166859021347,0,0
878,2002-03,0.1697814377616839,-0.27772486047723927,0,0
879,2002-04,0.3346435209454794,-0.13765675938609934,0,0
880,2002-05,0.014508886626432344,-0.06946894611252379,0,0
881,2002-06,0.3369071009815209,-0.06241170033677588,0,0
882,2002-07,-0.08179290175502332,0.03354856518288917,0,0
883,2002-08,-0.08799201908649151,0.11434267091226695,0,0
884,2002-09,-0.14567849038059047,0.061766016221887876,0,0
885,2002-10,-0.4191446558177134,-0.06386534657197758,0,0
886,2002-11,-0.8825474832559237,-0.21337474155237027,0,0
887,2002-12,-0.1882888027887535,-0.30090739218074936,0,0
888,2003-01,-1.0273901209594936,-0.45850692871482773,-1,0
889,2003-02,-0.2575374944964034,-0.4867645079498131,-1,0
890,2003-03,-0.29978099016532933,-0.5124482579139361,-1,0
891,2003-04,-0.21743236353077847,-0.4788295425327804,-1,0
892,2003-05,-1.1822597675687039,-0.5287815899182436,-1,0
893,2003-06,-1.5078292016254868,-0.7487049897243659,-1,0
894,2003-07,-0.7006739495642971,-0.6942522944918332,-1,0
895,2003-08,-0.7075714952109531,-0.7692579612775915,-1,0
896,2003-09,-0.3527151136703905,-0.7780803151951017,-1,0
897,2003-10,-0.25386752645571464,-0.7841528423492576,-1,0
898,2003-11,-0.4578609190635418,-0.6634197009317307,-1,0
899,2003-12,-0.35506696298809864,-0.47129266115883267,-1,0
900,2004-01,-0.13572078343688523,-0.3771338001375974,-1,0
901,2004-02,0.040898108450811495,-0.25238886619396994,0,0
902,2004-03,-0.47644147122686,-0.27300992578671485,0,0
903,2004-04,0.19551426366657457,-0.1981129607663333,0,0
904,2004-05,0.21765724983085089,-0.08552659928393452,0,0
905,2004-06,-0.2192496426371781,-0.06289037922544777,0,0
906,2004-07,-0.08431616965963323,-0.05432294359590576,0,0
907,2004-08,-0.5789490395717488,-0.1576308015996658,0,0
908,2004-09,0.0643429779666419,-0.0675000600674155,0,0
909,2004-10,-0.011159165083293364,-0.10194563152572683,0,0
910,2004-11,-0.17101761711874738,-0.16672477601732652,0,0
911,2004-12,-0.5112801249275969,-0.21539652306572968,0,0
912,2005-01,-0.2466909792555902,-0.24245899133172247,0,0
913,2005-02,-0.39909854283009993,-0.2124839085414477,0,0
914,2005-03,-0.8961865528900494,-0.3725721636842296,-1,0
915,2005-04,-0.48350018059441324,-0.45129566626941625,-1,0
916,2005-05,0.32901182246429195,-0.36795742633890965,-1,0
917,2005-06,-0.5156076791592139,-0.3686786853775125,-1,0
918,2005-07,-0.2722407261143178,-0.3729369765206338,-1,0
919,2005-08,-0.33182878941825117,-0.36172535095199226,-1,0
920,2005-09,-0.1454419874830759,-0.23660125671749674,0,0
921,2005-10,-0.02346332059686303,-0.15992844671790502,0,0
922,2005-11,-0.20558689714406714,-0.24902823331929816,0,0
923,2005-12,-0.3846392586757228,-0.22720016323871636,0,0
924,2006-01,0.27879317880859383,-0.13536117908489775,0,0
925,2006-02,-0.6299115495477864,-0.18504163910648694,0,0
926,2006-03,0.6361840888545697,-0.054770626383545996,0,0
927,2006-04,0.6670185470431935,0.06030968488979676,0,0
928,2006-05,0.47608125193664314,0.17392104306991515,0,0
929,2006-06,0.6386277606097418,0.34446554628415926,0,0
930,2006-07,-0.8008420543649419,0.16452634075523662,0,0
931,2006-08,-0.568794234577916,0.17471255991688164,0,0
932,2006-09,-0.47994577893063195,-0.011309084713985285,0,0
933,2006-10,0.1970586058330786,-0.08963574158233778,0,0
934,2006-11,0.004983990233030883,-0.16815195186627316,0,0
935,2006-12,-0.0789435593236916,-0.28774717185517873,0,0
936,2007-01,-0.6733518259099249,-0.2664988004460092,0,0
937,2007-02,-0.9843708004290361,-0.33576156142119595,0,0
938,2007-03,-0.3130560435830753,-0.3079466055299365,0,0
939,2007-04,0.07228324970682992,-0.32874249821764456,0,0
940,2007-05,-0.2550971929672831,-0.37208936208436355,-1,0
941,2007-06,0.0012793348212083878,-0.35871887972688027,-1,0
942,2007-07,-0.20940511739570009,-0.2813944283078427,0,0
943,2007-08,0.7203974403329948,0.0027336118191623737,0,0
944,2007-09,-0.5609547466883625,-0.038582838698385497,0,0
945,2007-10,0.9487919322393057,0.1075019417236938,0,0
946,2007-11,-0.17375771023519976,0.12105852217904105,0,0
947,2007-12,0.8356907687907301,0.26012709450729465,0,0
948,2008-01,0.7081258440755116,0.4130489214191633,0,1
949,2008-02,0.40113848366908084,0.35983909530851094,0,1
950,2008-03,0.2635372677071371,0.49725443104109424,0,1
951,2008-04,-0.17494955217920327,0.30996418363800937,0,0
952,2008-05,0.5320033275626531,0.4275910232709848,0,1
953,2008-06,0.4888804450403015,0.3697893026459134,0,1
954,2008-07,0.5227104123222656,0.33888673068703906,0,0
955,2008-08,1.1002858078267805,0.4554112847133223,0,1
956,2008-09,0.10310928602471423,0.42867328776625185,0,1
957,2008-10,-0.023817262091726178,0.4538620027808314,0,1
958,2008-11,0.5487933822080028,0.45666034522172305,0,1
959,2008-12,-0.015023543495207002,0.37267634713247166,0,1
960,2009-01,0.3816841932174264,0.3491719772816651,0,0
961,2009-02,0.18166537741292002,0.19606857221268834,0,0
962,2009-03,0.29060446403090817,0.227317768547054,0,0
963,2009-04,-0.4608821844075147,0.15447361482775593,0,0
964,2009-05,-0.522018690477492,-0.023995063953159906,0,0
965,2009-06,0.07904060934089806,-0.008317705147142392,0,0
966,2009-07,-0.25759461561820807,-0.11486417328641481,0,0
967,2009-08,-0.20138295056605418,-0.17870556128291049,0,0
968,2009-09,-0.32146060434935525,-0.2807164060129544,0,0
969,2009-10,0.03645726826442028,-0.19782649723429857,0,0
970,2009-11,-0.4093442108002486,-0.17904741728809134,0,0
971,2009-12,-0.6817398689790624,-0.30584416367475137,0,0
972,2010-01,-0.9744129714299588,-0.4253138896433765,-1,0
973,2010-02,-0.587933629665293,-0.48973900282658295,-1,0
974,2010-03,-1.0404878221866545,-0.6095768724661328,-1,0
975,2010-04,0.9638198601446509,-0.45501644048609435,-1,0
976,2010-05,0.9318438098050531,-0.23148510371854414,0,0
977,2010-06,0.5657076291269711,-0.023577187367538516,0,0
978,2010-07,1.9401341989315495,0.4621806743593795,0,1
979,2010-08,0.33865843237757975,0.6166126846998583,0,1
980,2010-09,0.7119707206144946,0.9086891085000498,0,1
981,2010-10,0.24940096108038903,0.7896192919893394,0,1
982,2010-11,0.9706866811558169,0.7960931038811334,0,1
983,2010-12,0.8164169972242152,0.8378779985640074,0,1
984,2011-01,0.28852673535492934,0.5626100879679041,0,1
985,2011-02,1.2378650078702405,0.7124778505500142,0,1
986,2011-03,1.1797857010171588,0.7904470139504584,0,1
987,2011-04,1.7043858395409153,1.0329444936938792,0,1
988,2011-05,0.9609892191829353,1.0313282500317322,0,1
989,2011-06,0.2990652946729135,0.9451029662731821,0,1
990,2011-07,0.3618444765404131,0.9573225898040961,0,1
991,2011-08,0.2672300304596677,0.7955500935690005,0,1
992,2011-09,0.1281773810237908,0.6202820402367725,0,1
993,2011-10,0.8355103700248632,0.4754694619840972,0,1
994,2011-11,1.33419724283666,0.537670799259718,0,1
995,2011-12,0.8900884532415962,0.6361746590211651,0,1
996,2012-01,1.0932196627384156,0.7580705233874988,0,1
997,2012-02,0.0431673002627309,0.7207267350213428,0,1
998,2012-03,0.4440743138596648,0.7733762238273217,0,1
999,2012-04,1.1230209441676124,0.8212946528511132,0,1
1000,2012-05,-0.5136544626440465,0.5133193686043289,0,1
1001,2012-06,-0.09520065840786311,0.3491045166627522,0,0
1002,2012-07,0.5506250771096504,0.25867208572462475,0,0
1003,2012-08,0.31076022334099573,0.3032709062376689,0,0
1004,2012-09,-0.5502889758874879,0.13754369127981012,0,0
1005,2012-10,0.3872004783433051,0.014906946975758886,0,0
1006,2012-11,-0.3448949389855083,0.04303353425218192,0,0
1007,2012-12,-0.06666008351908422,0.04779029673364507,0,0
1008,2013-01,-0.33230598637606207,-0.09936488051397367,0,0
1009,2013-02,0.8214329420195592,-0.014252760734213091,0,0
1010,2013-03,0.06483971335599081,0.08826868747303336,0,0
1011,2013-04,0.318906481081574,0.07688635459607818,0,0
1012,2013-05,0.6368368068893211,0.24050831224188307,0,0
1013,2013-06,-0.4616930191520094,0.17466948963639553,0,0
1014,2013-07,-0.22512207893509367,0.19253347420989028,0,0
1015,2013-08,0.48829080019997345,0.137009783906626,0,0
1016,2013-09,-0.1405534954589951,0.10277758243746167,0,0
1017,2013-10,-0.32370930300025136,-0.004325048242842559,0,0
1018,2013-11,0.5280268128727852,-0.022460047245598542,0,0
1019,2013-12,0.4336888763405453,0.12677026866982724,0,0
1020,2014-01,0.3456858879466769,0.221904929816789,0,0
1021,2014-02,0.551749849754855,0.2324814380759359,0,0
1022,2014-03,0.2995624151445237,0.30583408984318905,0,0
1023,2014-04,-0.44128043221895585,0.2862389016400716,0,0
1024,2014-05,0.1907276843889627,0.23002238022610122,0,0
1025,2014-06,0.09281962153091766,0.17321083775782994,0,0
1026,2014-07,-0.22764171733789604,0.0776562368770678,0,0
1027,2014-08,-0.25007533765374607,-0.05598129435769903,0,0
1028,2014-09,-0.2206515075382386,-0.14268361480482608,0,0
1029,2014-10,0.03485228173226153,-0.06332816247962318,0,0
1030,2014-11,0.28424675638840485,-0.04774165047971615,0,0
1031,2014-12,0.5122406287911099,0.022161850730315874,0,0
1032,2015-01,0.0942973378689856,0.07581835993146281,0,0
1033,2015-02,-0.06970480885565693,0.10588011473114434,0,0
1034,2015-03,0.05842888656303395,0.1523935137480231,0,0
1035,2015-04,-0.6090170006695709,0.04508196668105102,0,0
1036,2015-05,-1.0693075194439512,-0.18051041262434164,0,0
1037,2015-06,0.15119048692751613,-0.2406854362682739,0,0
1038,2015-07,0.023783227882946113,-0.25243778793261384,0,0
1039,2015-08,-0.39020849984997047,-0.30585506976499943,0,0
1040,2015-09,-0.7234329876476913,-0.4361653821334537,-1,0
1041,2015-10,-0.9325637771354025,-0.4900898448777589,-1,0
1042,2015-11,-0.4953682469155171,-0.39443329945635325,-1,0
1043,2015-12,-1.2558428128143904,-0.6289388494133377,-1,0
1044,2016-01,-0.5181223750587504,-0.7192564499036204,-1,0
1045,2016-02,-0.6256389865934033,-0.7584948643608592,-1,0
1046,2016-03,-0.0117682100155649,-0.6398840680888381,-1,0
1047,2016-04,0.31895694351077425,-0.43129728131447537,-1,0
1048,2016-05,0.007632178578852246,-0.3474638770654139,0,0
1049,2016-06,-0.3394278428143607,-0.19472804873207553,0,0
1050,2016-07,0.14245309972515155,-0.08463213626809189,0,0
1051,2016-08,-0.25235419711980134,-0.022418004689158222,0,0
1052,2016-09,0.3322784378334723,0.0349231032856813,0,0
1053,2016-10,-0.047563480556462104,-0.026163634058858087,0,0
1054,2016-11,0.33884386891309043,0.029038314330181614,0,0
1055,2016-12,0.3218216986999862,0.13924657124923945,0,0
1056,2017-01,0.7866130633837072,0.24660656519233204,0,0
1057,2017-02,0.2058127982458575,0.32296773108660853,0,0
1058,2017-03,1.319061087926787,0.487431506102161,0,1
1059,2017-04,-0.3180686093722816,0.44234731796619103,0,1
1060,2017-05,0.35316904953857564,0.44473484807043867,0,1
1061,2017-06,0.817901725436932,0.5274148525265963,0,1
1062,2017-07,-0.0952960735599013,0.3804299963693282,0,1
1063,2017-08,0.1260912356940155,0.36714306927735446,0,1
1064,2017-09,-0.21248961920217993,0.11188461808919331,0,0
1065,2017-10,-0.16137416655166834,0.13800035855929552,0,0
1066,2017-11,0.34596128834471396,0.13679906502698524,0,0
1067,2017-12,0.4946604752313445,0.082925523326054,0,0
1068,2018-01,0.5710683469024205,0.1939862600697743,0,0
1069,2018-02,0.35446335855379096,0.23204828054640356,0,0
1070,2018-03,0.1457991683231125,0.2917630784672856,0,0
1071,2018-04,-0.06556573689087863,0.3077311500774172,0,0
1072,2018-05,-0.8334487035123855,0.11116281810123398,0,0
1073,2018-06,-1.487759378025936,-0.21924049077497942,0,0
1074,2018-07,-1.4106050319265286,-0.549519387246471,-1,0
1075,2018-08,-1.5224093417912317,-0.8623315039706414,-1,0
1076,2018-09,-1.4954700699281833,-1.135876377012524,-1,0
1077,2018-10,-1.5789830746647846,-1.3881125999748416,-1,0
1078,2018-11,-1.7076980896930645,-1.5338208310049548,-1,0
1079,2018-12,-1.7071020815654574,-1.5703779482615419,-1,0
1080,2019-01,-0.3413066188145256,-1.3921615460762078,-1,0
1081,2019-02,-0.10278038949050584,-1.1555567206927535,-1,0
1082,2019-03,0.3024351288905067,-0.8559058542229718,-1,0
1083,2019-04,0.012493049063900016,-0.5906598336015245,-1,0
1084,2019-05,-0.8499378434333353,-0.4476997925582363,-1,0
1085,2019-06,-1.4037333092971072,-0.3971383305135113,-1,0
1086,2019-07,-2.1436748344151924,-0.6975330331136224,-1,0
1087,2019-08,-2.1240801782647356,-1.0344163312426609,-1,0
1088,2019-09,-2.200140521089338,-1.4515122729059682,-1,0
1089,2019-10,-2.459666381369691,-1.8635388446449,-1,0
1090,2019-11,-2.39479563680983,-2.121015143540982,-1,0
1091,2019-12,-1.9107454058259605,-2.205517159629125,-1,0
